福利,工作标签,城市,学历,工作年限,薪资,公司名称
"带薪年假,做五休二,六险一金,年度体检",[],深圳,大专,5-10年,10k-18k,武汉佰钧成技术有限责任公司
"五险一金,年终奖金,绩效奖金,专业培训","['工具软件', '脚本']",广州,本科,不限,9k-18k,深圳前海新心金融管理有限公司
"季度奖,年终奖,牛人多,环境好","['金融', '脚本']",广州,本科,3-5年,25k-45k,广发证券股份有限公司
"发展空间大,工作弹性,团队氛围好,福利好","['移动互联网', '大数据', 'Web测试', '黑盒测试', '功能测试']",成都,本科,1-3年,6k-8k,成都任我行软件股份有限公司
"五险一金,股权激励,员工食堂,加班补贴","['测试开发', '软件测试']",深圳,本科,3-5年,15k-25k,深圳华锐金融技术股份有限公司
"弹性工作,五险一金,节假日福利,饭补",[],成都,本科,应届毕业生,8k-16k,上海易宝软件有限公司
"六险一金,年底双薪,绩效奖,氛围好",['地图'],西安,本科,3-5年,10k-20k,北京当当网信息技术有限公司
"大牛带,领导好,平台大","['移动互联网', 'Android测试']",北京,本科,3-5年,15k-25k,奇虎360科技有限公司
福利第一 老板好,['汽车'],北京,本科,1-3年,8k-15k,拼途（北京）信息技术有限公司
集团互联网企业 高薪,[],深圳,本科,5-10年,10k-20k,顺丰科技有限公司
"美资,大平台,带薪假15,拒绝打卡",['功能测试'],西安,本科,5-10年,10k-13k,活跃网络（成都）有限公司
"免费午晚餐,弹性工作制,交补",['音乐'],北京,本科,应届毕业生,3k-6k,小叶子（北京）科技有限公司
"五险一金,带薪年假",['脚本'],北京,本科,3-5年,10k-20k,北京瑞友科技股份有限公司
"技术大牛,技术氛围浓,扁平化管理,年假病假",['脚本'],上海,本科,3-5年,15k-25k,上海商米科技有限公司
"明星公司,大牛团队,福利多多,弹性工时",['软件开发'],南京,不限,不限,10k-20k,北京地平线信息技术有限公司
工作标签,学历,城市,公司名称,工作年限,薪资,福利
"['Jmeter', 'Selenium']",大专,重庆,上海捷科智诚科技有限公司,3-5年,8k-15k,带薪年假 加班工资 定期体检 年终奖
['脚本'],大专,上海,上海海万信息科技股份有限公司,3-5年,12k-15k,大平台
"['金融', '脚本']",大专,深圳,深圳市博奥特科技有限公司,5-10年,12k-18k,"周未双休,福田CBD,大咖云集"
"['信息安全', '脚本']",本科,上海,上海微问家信息技术有限公司,1-3年,12k-18k,"绩效奖金,周末双休,多次旅游"
[],本科,上海,爱海企业管理咨询（上海）有限公司,3-5年,15k-30k,"发展好,福利好,氛围好,环境好"
[],不限,西安,西安卓派信息科技有限公司,1-3年,8k-10k,有机会赴美国出差、进修、长期工作
"['功能测试', '性能测试']",本科,北京,北京清众教育科技有限公司,1-3年,10k-15k,"地铁周边,弹性工作,扁平管理,公司氛围好"
"['保险', '大数据', '测试开发']",本科,上海,上海商涌网络科技有限公司,3-5年,15k-20k,"学习成长快,团队氛围好,发展空间大,新兴行业"
[],本科,上海,鑫涌算力信息科技（上海）有限公司,5-10年,15k-25k,"年终奖丰厚,弹性工作,升职加薪,氛围欢快"
"['企业服务', '通信/网络设备', 'Web测试']",本科,武汉,武汉然诺管理咨询有限公司,3-5年,10k-15k,"平台开放,台资企业,五险一金,福利丰富"
['脚本'],本科,上海,上海阑途信息技术有限公司,3-5年,9k-17k,"发展空间大,工作氛围好"
"['移动互联网', 'Server端测试', 'Web测试', '测试开发']",本科,北京,北京旷视科技有限公司,3-5年,15k-25k,"发展平台,公司行业,竞争力薪酬,福利多多"
[],本科,杭州,北京伊电园网络科技有限公司,3-5年,15k-30k,"双休,五险一金,期权,带薪年假"
[],大专,厦门,准动网络科技(厦门)有限公司,3-5年,8k-15k,"团队nic,技术大牛,技术交流,弹性工作"
['Selenium'],本科,广州,广州明动软件股份有限公司,1-3年,8k-12k,"扁平化,技术提升,员工旅游,五险一金"
工作标签,学历,城市,公司名称,工作年限,薪资,福利
['银行'],本科,深圳,上海捷科智诚科技有限公司,不限,7k-14k,"五险一金,补充医疗,加班补贴,出差补贴"
"['信息安全', '脚本']",本科,上海,上海微问家信息技术有限公司,3-5年,12k-24k,"带教师傅,绩效奖金,周末双休,多次旅游"
"['金融', '脚本']",大专,上海,上海海万信息科技股份有限公司,3-5年,10k-15k,"五险一金,年终奖,体检旅游,过节费"
"['功能测试', '性能测试']",大专,上海,上海众纳信息科技有限公司,3-5年,15k-28k,"发展空间大,五险一金,福利好,弹性时间"
"['Web测试', '性能测试', 'app测试']",本科,深圳,深圳市悦动天下科技有限公司,1-3年,8k-16k,"C轮融资,互联网运动,3亿用户,自动化测试"
[],本科,广州,北京智蓝云信科技有限公司,5-10年,15k-25k,"外企,周末双休,五险一金"
"['功能测试', '性能测试']",本科,上海,上海众旦信息科技有限公司,3-5年,15k-25k,"福利待遇优,免费中晚餐,办公环境优,业务发展快"
['脚本'],本科,南京,北京合思信息技术有限公司,3-5年,8k-15k,"成长空间大,工作氛围佳,福利待遇好"
['金融'],大专,上海,上海浦东发展银行股份有限公司信用卡中心,5-10年,15k-30k,"稳定,氛围好,福利好"
['测试开发'],本科,杭州,杭州腾展科技股份有限公司,1-3年,10k-18k,"节日福利,股票期权,扁平管理,发展空间大"
['测试开发'],本科,北京,北京小川在线网络技术有限公司,3-5年,15k-30k,免费三餐、住房补贴、高薪高股
[],本科,上海,再惠（上海）网络科技有限公司,3-5年,13k-25k,"硅谷文化,免费餐饮,弹性工作"
"['电商', '互联网金融', 'IOS测试', 'Android测试', '移动端']",本科,深圳,岩心科技（深圳）有限公司,3-5年,12k-24k,弹性工作 跨国团队 竞争力薪资 高速发展
['脚本'],本科,杭州,浙江天垂科技有限公司,3-5年,10k-20k,"五险一金,技术氛围好,发展空间大,弹性工作制"
['脚本'],本科,北京,北京三快在线科技有限公司,5-10年,25k-40k,技术挑战
工作标签,学历,城市,公司名称,工作年限,薪资,福利
['白盒测试'],不限,北京,上海捷科智诚科技有限公司,不限,10k-20k,"五险一金,加班补助,出差补贴,带薪年假"
['银行'],本科,上海,上海海万信息科技股份有限公司,3-5年,15k-16k,大平台
"['Web测试', 'Windows测试']",本科,上海,上海中软华腾软件系统有限公司,5-10年,12k-18k,"五险一金,带薪年假,平台大,项目好"
['软件测试'],本科,北京,北京天泽智云科技有限公司,5-10年,15k-25k,"六险一金,弹性工作,绩效奖金,各种补贴"
"['云计算', '大数据']",本科,北京,联智科技（北京）有限公司,1-3年,10k-15k,餐补 带薪年假 员工旅游 节日福利
[],本科,北京,仁科互动（北京）信息科技有限公司,5-10年,15k-25k,"硅谷大牛,行业标杆,外企文化,好领导"
"['产品测试', 'Web测试', '移动端']",本科,上海,迪卡侬（上海）体育用品有限公司,3-5年,18k-20k,"自由,健身房,发展机会,完善的培训"
"['移动互联网', '测试开发', 'Web测试']",本科,武汉,湖北华中电力科技开发有限责任公司,3-5年,6k-10k,"大平台,待遇好,环境优越,学习机会多"
[],本科,北京,蔷薇控股股份有限公司,3-5年,15k-30k,"股东背景强,薪资优渥,技术大牛多,工作环境好"
"['移动互联网', 'Web测试']",本科,深圳,深圳法大大网络科技有限公司,3-5年,10k-16k,"学习型组织,氛围好,高速发展,独角兽"
"['Web测试', '性能测试']",本科,深圳,深圳羚羊极速科技有限公司,3-5年,15k-20k,"周末双休,福利好,年度旅游,年轻团队"
"['Web测试', '脚本']",本科,上海,上海泛微网络科技股份有限公司,1-3年,10k-15k,"奖金绩效,免费三餐,团队旅游"
"['Android测试', 'IOS测试', '移动端']",大专,北京,北京千橡网景科技发展有限公司,3-5年,15k-25k,"领导好,弹性工作,氛围好"
[],本科,上海,上海诺诺镑客金融信息服务有限公司,3-5年,15k-25k,工资自己定、期权任性发、半年晋升
[],本科,深圳,Moody's Analytics,3-5年,18k-30k,"年终分红,额外保险,完善福利"
工作标签,学历,城市,公司名称,工作年限,薪资,福利
['白盒测试'],不限,南京,上海捷科智诚科技有限公司,不限,10k-20k,"五险一金,加班补贴,带薪年假,出差补贴"
['金融'],本科,杭州,上海海万信息科技股份有限公司,3-5年,8k-12k,"五险一金,员工旅游,员工体检,年底奖金"
['脚本'],本科,西安,上海中软华腾软件系统有限公司,3-5年,8k-12k,"带薪休假,五险一金,弹性工作制,班车"
"['电商', '移动端']",本科,上海,上海砸立电子商务有限公司,1-3年,10k-20k,"电商行业,潮流文化,领导nic,发展前景好"
[],大专,北京,北京轻松筹网络科技有限公司,3-5年,12k-20k,技术咖
"['教育', '大数据', '性能测试']",本科,北京,北京欧应信息技术有限公司,5-10年,15k-25k,"好老板,年轻团队,培训成长快,福利待遇佳"
[],本科,北京,北京智慧星光信息技术有限公司,3-5年,12k-20k,"五险一金,标准工时,行业火,领导好"
['移动端'],本科,北京,北京市商汤科技开发有限公司,5-10年,15k-30k,"人工智能,独角兽企业,技术大牛多,工作氛围好"
[],硕士,上海,瞬联软件科技（北京）有限公司,应届毕业生,10k-15k,"500强,六险一金,弹性工作制,漕河泾上班"
['脚本'],大专,杭州,杭州火烧云科技有限公司,3-5年,8k-15k,"前景大,福利佳,晋升快"
['软件测试'],本科,上海,上海画龙信息科技有限公司,3-5年,10k-20k,"硅谷团队,发15m,晋升平台,带薪假期"
['信息安全'],本科,北京,北京数字认证股份有限公司,5-10年,10k-20k,"国企福利,上市企业,15薪,周末双休"
"['智能硬件', '新零售', '脚本', '测试开发', '软件测试']",本科,上海,深兰科技（上海）有限公司,5-10年,20k-35k,技术驱动，扁平化管理，期权股份
['测试开发'],本科,上海,上海炽聚网络科技有限公司,3-5年,10k-20k,"五险一金,年底双薪"
"['Selenium', 'Jmeter']",本科,上海,上海大岂网络科技有限公司,5-10年,10k-20k,"B轮,移动互联网,技术氛围浓,超长年假"
工作标签,学历,城市,公司名称,工作年限,薪资,福利
['白盒测试'],不限,深圳,上海捷科智诚科技有限公司,不限,10k-20k,"五险一金,带薪年假,加班补贴,出差补贴"
['脚本'],本科,上海,上海海万信息科技股份有限公司,3-5年,8k-16k,"五险一金,旅游、体检,生日礼金,过节福利"
"['信息安全', '大数据', '白盒测试', '灰盒测试', '性能测试']",大专,杭州,北京网思科平科技有限公司,1-3年,10k-20k,"五险一金,餐补,节日福利,年终奖"
"['Selenium', '功能测试']",本科,北京,北京沃丰时代数据科技有限公司,3-5年,15k-25k,"高成长,团队强悍"
['脚本'],本科,深圳,深圳市引导美电子商务有限公司,3-5年,10k-20k,"五险一金,周末双休,扁平化管理,弹性时间"
"['功能测试', '性能测试', '白盒测试']",本科,上海,上海泛微网络科技股份有限公司,3-5年,10k-15k,"上市公司,免费班车,五险一金,周末双休"
"['Android测试', 'IOS测试', 'app测试']",大专,北京,北京千橡网景科技发展有限公司,3-5年,15k-20k,"领导好,弹性工作"
['软件测试'],本科,上海,上海坤亿信息技术有限公司,3-5年,15k-20k,"500强,弹性工作制,福利待遇好,有转正机会"
[],本科,上海,智慧芽信息科技（苏州）有限公司,3-5年,15k-20k,"弹性工作,发展空间大,外资企业"
['脚本'],大专,上海,上海舟恩信息技术有限公司,1-3年,8k-16k,"带薪年假,晋升空间大"
['Python'],本科,上海,上海驿氪信息科技有限公司,5-10年,18k-25k,"工作氛围好,弹性时间,人性化,发展空间大"
"['Selenium', 'Jmeter']",本科,北京,哈弗汽车租赁有限公司,3-5年,15k-25k,"五险一金,弹性工作,成长空间,行业大牛"
"['金融', '脚本']",本科,北京,北京弥财投资咨询有限公司,3-5年,20k-35k,"技术大牛,弹性工作,外企文化,扁平管理"
[],本科,北京,北京默契破冰科技有限公司,1-3年,15k-25k,"七险一金,独立健身房,免费午餐,弹性不打卡"
[],本科,天津,天津市神州商龙科技股份有限公司,3-5年,10k-15k,研发氛围，福利待遇，上升空间
工作标签,学历,城市,公司名称,工作年限,薪资,福利
"['客户端', '脚本', '测试开发']",本科,北京,上海捷科智诚科技有限公司,3-5年,9k-13k,"丰厚的报酬,光明的前景,优厚的福利,融洽的氛围"
['Selenium'],本科,上海,上海海万信息科技股份有限公司,1-3年,10k-11k,"旅游,体检,过节费,年终奖"
"['Web测试', '白盒测试']",本科,上海,上海泛微网络科技股份有限公司,3-5年,15k-25k,年底奖金；发展空间；免费三餐
"['测试开发', 'IOS测试', 'Android测试']",本科,上海,恩富软件（中国）有限公司,1-3年,9k-13k,"测试开发,外企氛围,学习机会,团队合作"
['app测试'],大专,上海,毅诺网络科技（上海）有限公司,3-5年,12k-16k,"定期团建,节日福利,零食下午茶,五险一金"
[],本科,深圳,深圳市金证科技股份有限公司,1-3年,9k-13k,"金融,上市"
[],本科,西安,西安艾润物联网技术服务有限责任公司,3-5年,8k-15k,"五险一金,节日福利,法定节假日,餐补"
[],本科,上海,上海幻电信息科技有限公司,3-5年,8k-15k,90后最喜欢的弹幕网之一
"['电商', '测试开发', '性能测试']",本科,北京,珠海随变科技有限公司,5-10年,15k-30k,"盈利平台,首家C2M,技术分享,活跃团队"
"['互联网金融', '银行', 'Web测试', 'Selenium', '功能测试']",本科,杭州,道富信息科技浙江有限公司,1-3年,8k-12k,"优秀团队,英语工作"
['脚本'],本科,北京,北京千橡网景科技发展有限公司,3-5年,15k-30k,"氛围好,弹性工作"
['脚本'],本科,上海,深圳平安综合金融服务有限公司,3-5年,15k-30k,福利待遇佳
[],本科,北京,北京作业盒子科技有限公司,3-5年,18k-36k,年底多薪
"['金融', '移动互联网', 'Web测试', '移动端']",本科,深圳,深圳市佰仟金融服务有限公司,3-5年,15k-20k,"公司平台大,福利多多"
"['电商', '新零售', 'Android测试', 'IOS测试']",本科,上海,上海砸立电子商务有限公司,3-5年,10k-20k,"五险一金,年薪双薪"
工作标签,学历,城市,公司名称,工作年限,薪资,福利
"['理财', 'Jmeter', '性能测试']",本科,深圳,上海海万信息科技股份有限公司,3-5年,10k-15k,"年终奖,旅游,双休,体检"
['性能测试'],本科,杭州,道富信息科技浙江有限公司,5-10年,15k-20k,稳定的发展空间，告别996模式
['Selenium'],大专,成都,壹玖壹玖酒类平台科技股份有限公司,3-5年,10k-20k,"周末双休,五险一金,地铁周边"
"['脚本', '功能测试', '测试开发']",大专,北京,北京崔玉涛儿童健康管理中心有限公司,3-5年,15k-25k,"六险一金,扁平管理,弹性工作,前景广阔"
[],本科,厦门,厦门美柚信息科技有限公司,1-3年,8k-15k,"测试,开发"
['脚本'],本科,北京,银客未来科技（北京）有限公司,3-5年,15k-25k,"七险一金,绩效奖金,员工福利,弹性工作"
['智能硬件'],大专,上海,上海映春智能科技有限公司,1-3年,5k-8k,福利好，发展空间大
[],大专,珠海,北京金山软件有限公司,3-5年,15k-30k,"海景办公,免费三餐,六险一金,福利优"
[],本科,深圳,北京市商汤科技开发有限公司,5-10年,10k-20k,"人工智能,福利好,技术大牛多,弹性工作"
['Web测试'],本科,北京,北京轻松筹网络科技有限公司,3-5年,15k-30k,"五险一金,绩效奖金,技术大咖"
['脚本'],本科,北京,你好世界（北京）科技有限公司,1-3年,15k-25k,"团队氛围好,进步空间大,项目有发展,测试负责人"
[],大专,北京,广东一一五科技股份有限公司,1-3年,10k-15k,五险一金
"['游戏', '脚本']",大专,武汉,武汉格事化信息技术有限公司,3-5年,8k-15k,"五险一金,骨干齐全"
[],本科,北京,北京多来点信息技术有限公司,1-3年,15k-25k,五险一金 年终奖金 带薪年假 节日福利
"['其他', 'Selenium']",本科,杭州,杭州睿拓智能科技有限公司,1-3年,13k-20k,"AI,自动化测试"
工作标签,学历,城市,公司名称,工作年限,薪资,福利
['银行'],本科,上海,上海海万信息科技股份有限公司,5-10年,17k-18k,大平台
"['功能测试', '性能测试']",本科,北京,北京市商汤科技开发有限公司,1-3年,20k-40k,"AI独角兽,公司前景好"
[],大专,长沙,长沙蜜獾信息科技有限公司,不限,5k-8k,五险一金 交通补助 餐补
[],大专,杭州,武汉佰钧成技术有限责任公司,1-3年,10k-15k,善于沟通
[],本科,北京,启迪云控（北京）科技有限公司,3-5年,15k-25k,"带薪年假,年底双薪,弹性工作,八险一金"
[],本科,北京,北京长亭科技有限公司,1-3年,15k-25k,"带薪年假,工作餐,年底多薪,五险一金"
[],大专,南京,江苏润和软件股份有限公司,1-3年,8k-16k,"福利全,薪资高,管理规范,环境优美"
"['移动互联网', '脚本']",大专,郑州,郑州时空隧道信息技术有限公司,3-5年,8k-12k,"股份期权,带薪年假,节日福利,五险一金"
[],本科,广州,上海华钦信息科技股份有限公司,3-5年,8k-16k,外企氛围好
['金融'],本科,北京,上海捷科智诚科技有限公司,1年以下,4k-6k,"工作环境好,金融行业,测试技术,自动化"
['脚本'],本科,北京,北京首汽智行科技有限公司,5-10年,20k-30k,"发展前景好,平台稳定,领导好,互联网文化"
"['游戏', '脚本']",大专,武汉,武汉格事化信息技术有限公司,5-10年,8k-15k,"骨干齐全,扁平化"
"['数据库', 'Android测试', 'Selenium']",本科,深圳,深圳市金证科技股份有限公司,3-5年,10k-20k,"上市公司,员工旅游,通讯补贴,员工体检"
"['电商', '移动互联网', '移动端', 'Selenium']",本科,上海,上海舟恩信息技术有限公司,3-5年,8k-16k,"技术大牛多,发展空间大,大型项目,节日福利"
[],大专,大连,大连华信计算机技术股份有限公司,1-3年,6k-10k,六险一金
工作标签,学历,城市,公司名称,工作年限,薪资,福利
"['脚本', '功能测试', '性能测试']",本科,上海,武汉佰钧成技术有限责任公司,3-5年,12k-24k,"外企环境,前沿技术,弹性工作,不加班"
"['游戏', '脚本']",大专,武汉,武汉格事化信息技术有限公司,3-5年,8k-15k,骨干期权
[],本科,上海,鼎必程（上海）信息技术有限公司,1年以下,8k-15k,"技术大牛,弹性工作制,免费班车,无限零食"
['脚本'],本科,上海,前海煦逸信息技术（深圳）有限公司,3-5年,15k-25k,"带薪年假多,期权,弹性办公,跨境电商"
[],本科,北京,深圳市金证科技股份有限公司,3-5年,10k-11k,"五险一金,年度旅游,年度意见"
['脚本'],大专,上海,上海海万信息科技股份有限公司,3-5年,7k-13k,"旅游,体检,过节费,年终奖"
['脚本'],本科,厦门,厦门美柚信息科技有限公司,3-5年,10k-20k,"团队氛围好,发展空间大,技术成长快"
['功能测试'],本科,北京,北京福佑多多信息技术有限公司,3-5年,10k-20k,"七险一金,绩效奖金,年底双薪,节日福利等"
[],本科,上海,上海业霆网络科技有限公司,3-5年,20k-30k,"团队好,氛围好,福利好"
[],本科,北京,北京三快在线科技有限公司,3-5年,35k-45k,"五险一金,带薪年假,超值期权,大牛团队"
"['移动端', '脚本']",本科,南京,北京小米科技有限责任公司,3-5年,10k-20k,"超赞团队,大平台,扁平管理"
['金融'],本科,北京,上海捷科智诚科技有限公司,1-3年,7k-14k,"五险一金,带薪年假"
"['IOS测试', 'Android测试']",本科,北京,北京四方启点科技有限公司,1年以下,17k-25k,"福利好,待遇佳,地铁周边"
[],本科,北京,北京快如科技有限公司,5-10年,15k-25k,"六险一金,福利超多,技术大牛,氛围好"
"['脚本', '功能测试', '软件测试']",本科,上海,上海沃易智电子商务有限公司,3-5年,12k-20k,"弹性工作,技术大牛多,探讨氛围浓,产品优秀"
工作标签,学历,城市,公司名称,工作年限,薪资,福利
"['通信/网络设备', 'Web测试', '脚本', '测试开发']",本科,上海,武汉佰钧成技术有限责任公司,1-3年,11k-22k,"五险一金,商业保险,不加班,不打卡"
['脚本'],大专,北京,北京田米科技有限公司,不限,18k-36k,"空间大,弹性上班,薪资高,福利好"
[],本科,深圳,深圳市金证科技股份有限公司,3-5年,12k-20k,"金融,上市"
[],本科,杭州,北京伊电园网络科技有限公司,3-5年,15k-30k,发展好
['脚本'],本科,成都,四川长虹电器股份有限公司,3-5年,8k-15k,五险一金
"['信息安全', '金融', '脚本']",本科,上海,上海诺诺镑客金融信息服务有限公司,3-5年,15k-25k,"工资自己开,半年晋升,发展空间大"
[],本科,杭州,道富信息科技浙江有限公司,3-5年,12K-20K,国际化办公环境，弹性工作
"['互联网金融', '证券/期货', '数据库', '脚本', '测试开发']",本科,上海,杭州端趣网络科技有限公司,5-10年,9k-18k,"加班调休,固定双休,三节福利"
"['大数据', '教育']",本科,北京,北京修齐治平科技有限公司,3-5年,15k-30k,"带薪年假,五险一金,饭补"
[],本科,深圳,深圳云天励飞技术有限公司,3-5年,10k-18k,水果零食、公司旅游、年终奖、六险一金
"['医疗健康', '脚本']",本科,南京,江苏艾佳家居用品有限公司,3-5年,10k-20k,"初创公司,待遇优厚,空间巨大,双休"
[],本科,上海,上海成龙五谷信息科技有限公司,3-5年,10k-20k,"年底多薪,每年涨薪"
"['电商', '新零售', 'Android测试', 'IOS测试']",本科,上海,上海砸立电子商务有限公司,1-3年,7k-14k,"五险一金,年薪双薪"
[],本科,上海,上海爱可生信息技术股份有限公司,3-5年,10k-20k,新三板 年终奖 公司内健身区咖吧 各种团建
['脚本'],本科,上海,上海业霆网络科技有限公司,3-5年,13k-20k,扁平化管理
工作标签,学历,城市,公司名称,工作年限,薪资,福利
['脚本'],本科,北京,北京田米科技有限公司,3-5年,25k-45k,"薪酬高,环境好,福利好"
[],本科,深圳,深圳市金证科技股份有限公司,1-3年,10k-16k,"金融,上市"
[],本科,武汉,武汉佰钧成技术有限责任公司,3-5年,8k-16k,"六险一金,工作平台好,六险一金,可观的收入"
['Selenium'],本科,成都,四川海德智和科技有限公司,5-10年,10k-20k,职业发展空间大
['脚本'],大专,北京,随行付支付有限公司,3-5年,12k-20k,"上升空间大,金融牌照,支付牌照,福利待遇好"
"['功能测试', '性能测试', 'Jmeter']",本科,北京,智慧互通科技有限公司,3-5年,10k-18k,"6险1金,交通补助,话费补助,弹性工作"
"['功能测试', '性能测试', '测试开发']",本科,北京,北京多点在线科技有限公司,3-5年,15k-25k,"技术大牛,气氛活跃,福利多多,弹性工作"
[],本科,上海,上海海万信息科技股份有限公司,1-3年,8k-15k,"五险一金,旅游、体检,过节福利,生日礼金"
"['Web测试', '脚本']",本科,成都,上海易宝软件有限公司,1-3年,8k-16k,"零食多,团建活动,领导好,周末双休"
"['金融', '功能测试', '性能测试']",大专,上海,深圳市拓保软件有限公司上海分公司,3-5年,9K-18K,"五险一金,大平台,带薪年假"
['脚本'],本科,上海,瞬联软件科技（北京）有限公司,不限,10k-18k,"五险一金,弹性工作,晋升空间大,带薪年假"
['电商'],本科,上海,上海河姆渡实业发展有限公司,5-10年,15k-20k,"节日福利,晋升空间,互联网氛围"
"['Android测试', 'IOS测试']",本科,北京,北京市商汤科技开发有限公司,3-5年,25k-40k,"大牛多,氛围好,发展快"
['脚本'],本科,北京,北京智齿博创科技有限公司,3-5年,18k-25k,"五险一金,带薪年假,弹性工作"
"['Loadrunner', '性能测试']",本科,北京,北京国双科技有限公司,3-5年,15k-25k,"大数据行业,上市公司,福利待遇好"
工作标签,学历,城市,公司名称,工作年限,薪资,福利
['脚本'],本科,成都,四川海德智和科技有限公司,1-3年,6k-10k,"发展大,扁平化,福利好,带薪年假"
"['黑盒测试', 'app测试', 'Web测试']",本科,杭州,武汉佰钧成技术有限责任公司,3-5年,10k-15k,"五险一金,周末双休,节日福利"
"['脚本', '功能测试', '性能测试']",大专,上海,上海海万信息科技股份有限公司,3-5年,10k-15k,"五险一金,体检旅游,年终奖金,节日礼金"
[],本科,深圳,深圳市时代华盛网络科技有限公司,5-10年,14k-25k,"金融,互联网"
['Web测试'],大专,深圳,信必优(深圳)信息技术有限公司,5-10年,15k-19k,"外包,年终奖,六险一金,龙华新区"
"['脚本', 'Server端测试']",本科,上海,纬创软件（北京）有限公司,3-5年,15k-20k,"外企环境,优秀团队,自我提升,优质平台"
[],本科,北京,北京惠赢天下网络技术有限公司,3-5年,8k-16k,"14薪,大型企业,弹性工作制,地铁旁"
"['移动互联网', '电商', 'HTML5', 'Android', '移动端']",大专,杭州,杭州云豆科技有限公司,1-3年,10k-15k,"五险一金,扁平化管理,带薪假期,年终奖金"
[],大专,杭州,税友软件集团股份有限公司,3-5年,10k-20k,领导nice 大牛指导 技术分享 晋升机会大
['脚本'],本科,北京,掌阅科技股份有限公司,不限,4k-5k,"学习空间大,培训多,一带一"
['脚本'],本科,上海,上海成聘商务咨询有限公司,3-5年,15k-30k,"薪资高,互联网行业"
"['证券/期货', '基金', '移动端', '数据库']",本科,上海,上海卉群企业管理咨询有限公司,1-3年,8k-16k,"大平台,环境好,薪酬佳,技术大牛带"
"['企业服务', '客户端', 'Server端测试', 'Web测试']",本科,珠海,广州易行信息技术有限公司,3-5年,8k-15k,"工业互联网,大数据,微服务,云计算"
['脚本'],本科,北京,天津五八驾考信息技术有限公司,1-3年,10k-20k,"免费班车,弹性工作制,五险一金,免费下午茶"
"['新零售', '电商', '功能测试', '性能测试', '测试开发']",本科,上海,百安居（中国）投资有限公司,3-5年,15k-20k,平台大，团队好
工作标签,学历,城市,公司名称,工作年限,薪资,福利
['性能测试'],本科,上海,武汉佰钧成技术有限责任公司,3-5年,14k-23k,六险一金带薪年假节日礼品弹性工作
['脚本'],本科,上海,上海幻电信息科技有限公司,3-5年,15k-30k,"发展好,牛人多,氛围好"
"['信息安全', 'Windows测试', '测试开发']",本科,北京,北京杰思安全科技有限公司,5-10年,15k-25k,"晋升空间,扁平化管理,绩效奖金,期权奖励"
['测试开发'],本科,上海,上海蔚来汽车有限公司,3-5年,20k-30k,"股票期权,补充公积金,免费班车,年底双薪"
"['Jmeter', '脚本']",大专,北京,北京名道恒通信息技术有限公司,3-5年,10k-15k,年度双薪
"['脚本', 'Android测试']",本科,上海,翱捷科技（上海）有限公司,应届毕业生,3k-5k,"氛围好,交通方便"
"['Selenium', '脚本']",本科,北京,北京网脑科技发展有限公司,5-10年,20k-30k,"14.5薪,六险一金,学术氛围"
['脚本'],本科,武汉,诚迈科技（南京）股份有限公司,1-3年,8k-15k,"发展空间大,加班费,奖金,补贴"
['脚本'],本科,上海,携程计算机技术（上海）有限公司,3-5年,12k-18k,弹性工时 携程大平台
"['电商', '支付']",本科,北京,人人贷商务顾问（北京）有限公司,3-5年,12k-24k,"技术氛围好,团队好"
[],本科,北京,北京三快在线科技有限公司,3-5年,20k-35k,免费班车
['脚本'],大专,上海,启S金融信息服务（上海）有限公司,3-5年,12k-20k,"弹性时间,美女多,扁平化管理"
[],本科,杭州,仟金顶网络科技有限公司,3-5年,15k-30k,"项目盈利,顶级资本,技术驱动,福利好"
[],本科,西安,上海趣医网络科技有限公司,3-5年,6k-8k,股权激励；年终奖；车基金；职位晋升。
[],大专,南京,上海捷科智诚科技有限公司,5-10年,12k-22k,"自动化测试,软件测试"
工作标签,学历,城市,公司名称,工作年限,薪资,福利
['脚本'],本科,上海,武汉佰钧成技术有限责任公司,3-5年,16k-25k,"六险一金,前沿技术,大牛带队,不加班"
['脚本'],本科,上海,上海达家迎信息科技有限公司,5-10年,20k-40k,"股票期权,项目奖金,扁平化管理,旅游基金"
"['电商', '新零售', '测试开发', '脚本']",本科,北京,浙江银泰百货有限公司,3-5年,15k-30k,"阿里团队,技术大牛,新零售前沿,引领潮流"
['脚本'],本科,上海,瞬联软件科技（北京）有限公司,1-3年,11k-15k,"五险一金,弹性工作,办公环境好,前景好"
[],大专,深圳,深圳市鑫溢网络科技有限公司,3-5年,15k-30k,"带薪休假,年终双薪"
[],本科,上海,众安在线财产保险股份有限公司,3-5年,15k-30k,"前景好,平台大,福利多"
"['物流', '脚本']",大专,珠海,珠海宏桥高科技有限公司,3-5年,8k-12k,"自动化测试,五险一金"
[],本科,广州,广州至真信息科技有限公司,5-10年,15k-20k,"年终多薪,周末双休,广告营销平,电商平台"
"['移动互联网', '金融', '功能测试']",大专,上海,北京中关村科金技术有限公司,3-5年,15k-25k,"晋升渠道,技术为主"
[],本科,北京,凡普金科集团有限公司,5-10年,25k-40k,"六险一金,数据驱动,敏捷开发,行业风口"
"['嵌入式', '系统集成']",本科,北京,北京艳江科技发展有限公司,3-5年,8K-16K,待遇好，产品唯一，晋升空间大，领导易处。
[],本科,上海,上海华钦信息科技股份有限公司,1-3年,10k-20k,"外企,14天年假,六险一金"
"['移动互联网', '互联网金融', '数据库']",大专,深圳,深圳市雁联技术服务有限公司,1-3年,10k-16k,"周末双休,年终奖,入职体检,下午茶"
['功能测试'],本科,长沙,湖南优特信息咨询有限公司,3-5年,8k-10k,"技术大牛多,福利好,扁平化管理,办公环境佳"
"['Web测试', '白盒测试']",本科,上海,上海泛微网络科技股份有限公司,1-3年,10k-15k,"五险一金,绩效奖金,免费三餐,员工旅游"
工作标签,学历,城市,公司名称,工作年限,薪资,福利
['脚本'],本科,上海,武汉佰钧成技术有限责任公司,3-5年,16k-25k,"大牛带队,前沿技术,六险一金,不加班"
[],本科,西安,美奥多软件科技（西安）有限公司,3-5年,9k-13k,"弹性工作,带薪年假,外企环境,发展空间"
"['金融', 'Selenium']",本科,广州,上海华钦信息科技股份有限公司,5-10年,15k-30k,"五百强外企,六险一金,弹性上班,发展空间大"
"['大数据', '金融']",本科,杭州,杭州如梭科技有限公司,3-5年,15k-25k,股票分红，5险1金，年度旅游，带薪休假
"['金融', 'app测试']",大专,上海,苏州市软件评测中心有限公司,3-5年,10k-20k,"五险一金,带薪年假,工作轻松"
"['电商', '移动端', '测试开发', '功能测试']",本科,上海,上海悦易网络信息技术有限公司,3-5年,15k-25k,"行业独角兽,技术氛围好,发展空间大"
[],本科,北京,掌阅科技股份有限公司,3-5年,20k-30k,"六险一金,专业一带一,成长空间大"
"['功能测试', '数据库']",本科,北京,宁波艾莫投资管理有限公司,3-5年,10k-20k,"五险一金,免费午餐,大牛多"
[],本科,长沙,湖南快乐阳光互动娱乐传媒有限公司,3-5年,8k-15k,"一流的平台,迷之福利,丰厚奖金"
['脚本测试'],本科,北京,北京微达互联科技有限公司,3-5年,8k-16k,"自动化,脚本测试,压力测试"
['测试开发'],本科,北京,凡普金科集团有限公司,不限,20k-35k,"技术氛围,晋升空间,学习环境,企业文化"
"['Selenium', '测试开发']",本科,上海,奥解思信息技术（上海）有限公司,不限,18k-28k,"外企公司,不加班,氛围好"
['脚本'],本科,上海,众安在线财产保险股份有限公司,3-5年,20k-30k,"氛围好,福利多"
"['性能测试', 'app测试']",本科,杭州,杭州信牛网络科技有限公司,5-10年,15k-28k,"自动化测试,扁平化管理,全额公积金,福利多多"
[],大专,南京,上海捷科智诚科技有限公司,5-10年,15k-25k,"银行,高薪,发展前景好"
工作标签,学历,城市,公司名称,工作年限,薪资,福利
['脚本'],本科,上海,武汉佰钧成技术有限责任公司,5-10年,20k-35k,"薪资优厚,前沿技术,双休不加班,节假日福利"
['脚本'],本科,深圳,深圳左邻永佳科技有限公司,1-3年,10k-15k,"福利多,扁平管理,风口行业"
['Selenium'],本科,北京,上海捷科智诚科技有限公司,1-3年,10k-20k,少加班
[],本科,北京,星辰天合（北京）数据科技有限公司,3-5年,15k-30k,"广阔空间,牛咖云集,完美福利,人性化管理"
"['移动互联网', '测试开发']",本科,北京,北京世纪好未来教育科技有限公司,3-5年,15k-30k,"扁平化管理,技术大拿"
[],本科,北京,北京万桥达观信息技术有限公司,3-5年,18k-23k,"上市外企,弹性工作制,和谐团队,美国交流"
[],本科,杭州,芋头科技（杭州）有限公司,5-10年,15k-30k,"五险一金,接触大牛,人工智能,发展空间"
['Selenium'],大专,广州,上海华钦信息科技股份有限公司,5-10年,10k-20k,"六险一金,节假日福利,带薪年假,定期体检"
"['移动互联网', '金融', '软件测试', 'app测试']",本科,杭州,浙江网新恒天软件有限公司,3-5年,10k-15k,"六险一金,年底双薪,福利好,晋升快"
[],不限,大连,普元信息技术股份有限公司,1-3年,8k-12k,"优秀团队,内部培训,周末双休,带薪年假"
"['银行', '理财']",大专,深圳,上海海万信息科技股份有限公司,3-5年,10k-20k,"接口测试,自动化测试,APP测试"
['Web测试'],大专,大连,大连华信计算机技术股份有限公司,1-3年,6k-10k,六险一金
[],本科,上海,启S金融信息服务（上海）有限公司,5-10年,20k-30k,"领导nic,扁平化管理,年终奖多,美女多"
"['保险', '功能测试', '性能测试']",大专,广州,盛世创富保险经纪有限公司广州分公司,1-3年,8k-10k,"周末双休,六险一金,年底双薪,年终奖金"
"['金融', '脚本']",本科,上海,上海汇银（集团）有限公司,5-10年,15k-30k,"发展前景,薪资优厚,福利齐全"
工作标签,学历,城市,公司名称,工作年限,薪资,福利
"['工具软件', '移动互联网', 'Android测试', '脚本']",本科,武汉,武汉佰钧成技术有限责任公司,不限,6k-12k,"六险一金,班车接送,带薪年假,年度体检"
[],本科,杭州,浙江网新恒天软件有限公司,3-5年,10k-15k,双休/五险一金缴纳比例高
"['Web测试', '功能测试']",大专,杭州,杭州武藏物联网科技有限公司,1-3年,10k-20k,带薪年休假，股票期权，晋升合伙人
"['测试开发', 'Selenium', 'Jmeter']",本科,北京,北京英鑫网络科技有限公司,5-10年,18k-25k,"五险一金,餐补,年终奖"
[],本科,上海,再惠（上海）网络科技有限公司,1-3年,16k-32k,年终奖；出国游
"['脚本', '游戏测试']",大专,广州,广州奇异果科技有限公司,3-5年,15k-25k,"发展空间大,奖金多,出国旅游,测试氛围好"
"['性能测试', '脚本测试']",本科,南京,北京合思信息技术有限公司,5-10年,13k-22k,"前景好,空间大,成长快,领导好"
"['金融', '移动互联网', 'Web测试', '客户端']",本科,上海,四川阿凡达信息技术有限公司,5-10年,15k-20k,"五险一金,技术大牛多,股权激励,涨薪快"
"['功能测试', '性能测试']",大专,成都,成都喜鹊家居用品有限公司,5-10年,10k-18k,"创业公司,福利好,扁平管理,发展空间大"
['脚本'],本科,上海,上海幻电信息科技有限公司,3-5年,15k-30k,"牛人多,氛围好,发展好"
[],本科,上海,东莞市乐其网络科技有限公司,1-3年,7k-13k,扁平化管理；技术氛围好；薪资福利好
['脚本'],本科,杭州,北京通力互联技术服务有限公司,不限,8k-16k,"五险一金,带薪年假,绩效奖金,团队氛围好"
[],本科,深圳,信必优(深圳)信息技术有限公司,不限,12k-18k,"福利好,弹性工作,外企,年底双薪"
[],本科,北京,联想（北京）有限公司,3-5年,20k-35k,"上市公司,周末双休,弹性工作制,带薪年假"
"['教育', '移动互联网', '性能测试']",本科,北京,北京享阅教育科技有限公司,1-3年,10k-18k,"扁平化,空间足,大牛多,上升快"
工作标签,学历,城市,公司名称,工作年限,薪资,福利
['脚本'],本科,上海,武汉佰钧成技术有限责任公司,不限,14k-22k,"带薪年假,双休不加班,人性化管理,技术前沿"
"['金融', '功能测试']",本科,杭州,浙江网新恒天软件有限公司,1-3年,8k-15k,"双休福利好,几乎不加班,氛围轻松,晋升空间大"
['脚本'],本科,北京,包头市包银消费金融股份有限公司,3-5年,20k-30k,"六险一金,带薪年假,定期团建,节日福利"
[],本科,厦门,厦门铃盛软件有限公司,3-5年,8k-14k,"技术环境,发展空间,硅谷文化,不加班不打"
"['移动端', '网页', '测试开发']",本科,上海,上海真快信息技术有限公司,3-5年,15k-20k,"技术牛人多,团队氛围好,免费健身,下午茶"
[],本科,成都,上海鲸科信息科技有限公司,1-3年,10k-20k,"五险一金,平台广阔"
[],本科,杭州,浙江百世技术有限公司,3-5年,10k-20k,弹性工作制 奖金 新技术
[],本科,武汉,北京深a科技有限公司,1-3年,10k-20k,五险一金、餐话交补、节假日福利
"['脚本', '功能测试']",本科,北京,北京世纪好未来教育科技有限公司,3-5年,20k-30k,"纽交所上市,在线教育,核心产研,直播产品"
['脚本'],本科,广州,北京瑞友科技股份有限公司,3-5年,12k-22k,"五险一金,年度调薪,带薪年假,节日福利"
[],本科,成都,上海易宝软件有限公司,应届毕业生,10k-15k,"弹性工作,五险一金,节假日福利,饭补"
['Selenium'],大专,上海,上海沸橙信息科技有限公司,3-5年,10k-15k,"五险一金,薪资避税"
"['云计算', '大数据', 'Web测试', 'Server端测试', '产品测试']",本科,上海,北京瑞思天创科技有限公司,不限,13k-25k,"空间大,发展好"
['脚本'],本科,广州,上海中软华腾软件系统有限公司,3-5年,10k-20k,"双休,弹性工作制,年假,五险一金"
[],本科,深圳,深圳市明源云客电子商务有限公司,3-5年,8k-15k,BAT的骨干，超BAT的发展
工作标签,学历,城市,公司名称,工作年限,薪资,福利
['app测试'],大专,上海,武汉佰钧成技术有限责任公司,3-5年,10k-15k,"朝九晚六,周末双休,带薪年假,五险一金"
['汽车'],本科,广州,广州汽车集团股份有限公司汽车工程研究院,5-10年,15k-20k,自动化测试
['教育'],本科,北京,北京世纪好未来教育科技有限公司,3-5年,10k-20k,"五险一金,年底双薪,发展空间大,团队氛围好"
['脚本'],本科,广州,北京智蓝云信科技有限公司,5-10年,15k-25k,"不加班,假日多,外企文化,平台大"
[],本科,深圳,深圳市明源云客电子商务有限公司,3-5年,10k-15k,"扁平化管理,牛人多,氛围赞"
"['银行', 'Selenium']",本科,广州,广东日月潭电源科技有限公司,3-5年,12k-18k,"六险一金,周末双休"
"['移动互联网', '金融', '性能测试']",本科,成都,上海源蚁信息科技有限公司,不限,6k-10k,"金融科技,五险一金,氛围前景好,做五休二"
['电商'],大专,武汉,武汉全民易装网科技股份有限公司,1-3年,5k-8k,"自动化测试,自动化脚本,自动化编写,测试"
"['Jmeter', 'Selenium', '脚本']",大专,上海,上海速锐信息技术有限公司,3-5年,13k-20k,上升空间大 年度调薪 待遇优厚
[],本科,深圳,晨星资讯（深圳）有限公司,3-5年,10k-20k,"五险一金,专业培训,出国机会,年终奖金"
[],本科,上海,众安在线财产保险股份有限公司,3-5年,15k-25k,"互联网氛围,福利待遇好,有大牛,技术新"
"['旅游', '大数据']",本科,北京,北京纯粹旅行有限公司,3-5年,40k-80k,"六险一金,带薪事假,餐补,交通补助"
['脚本'],本科,北京,百融金融信息服务股份有限公司,5-10年,15k-25k,"六险一金,弹性工作,福利多多"
['互联网金融'],本科,深圳,深圳前海大道金融服务有限公司,1-3年,12k-20k,"团队氛围赞,晋升机会多,开发脾气好,UI特别美"
['金融'],本科,深圳,北京瑞友科技股份有限公司,3-5年,9k-18k,"周末双休,车补饭补,五险一金,员工聚餐"
工作标签,学历,城市,公司名称,工作年限,薪资,福利
['app测试'],大专,杭州,武汉佰钧成技术有限责任公司,1-3年,10k-19k,"朝九晚六,带薪年假,五险一金,周末双休"
['脚本'],本科,北京,北京世纪好未来教育科技有限公司,5-10年,40k-80k,"上市公司,升职空间大"
[],本科,北京,北京小川在线网络技术有限公司,3-5年,15k-30k,"成长空间大,高薪高股,大牛云集,提供三餐"
"['电商', '新零售', 'Server端测试']",本科,上海,深兰科技（上海）有限公司,5-10年,15k-30k,美女如云 不打卡 人工智能
"['互联网金融', '性能测试']",大专,杭州,杭州信牛网络科技有限公司,3-5年,15k-25k,"自动化测试,扁平化管理,福利多多"
"['云计算', 'Selenium']",本科,深圳,网宿科技股份有限公司北京分公司,3-5年,15k-30k,"上市公司,福利好"
"['电商', 'Selenium']",本科,北京,世纪美映影院技术服务（北京）有限公司,1-3年,8k-15k,"六险一金,带薪年假,免费观影,年底双薪"
"['Selenium', 'Jmeter', '脚本']",本科,深圳,深圳市钱海网络技术有限公司,3-5年,8k-12k,"周末双休,带薪年假,五险一金,国内旅游"
[],本科,北京,财新传媒有限公司,3-5年,10k-15k,"五险一金,补充医疗,交通补贴,餐费补贴"
['测试开发'],本科,广州,广州维胜信息技术有限公司,3-5年,10k-20k,"团队大牛多,年底多薪,福利齐全,学习成长"
[],本科,上海,欧立腾（北京）技术咨询有限公司上海分公司,1-3年,11k-14k,外企
"['游戏', '脚本', '功能测试', '性能测试']",本科,成都,深圳市致远优学教育科技有限公司,3-5年,8k-12k,"五险一金,周末双休,年终双薪"
['测试开发'],本科,北京,杭州品联科技有限公司,3-5年,10k-15k,"公司福利好,有晋升空间,工作环境好"
['Jmeter'],本科,青岛,上海塔莫信息科技有限公司,1-3年,8k-16k,参与国际知名手机开发
[],本科,北京,蔷薇控股股份有限公司,5-10年,30k-45k,"股东背景强,薪资优渥,技术大牛多,工作环境好"
工作标签,学历,城市,公司名称,工作年限,薪资,福利
['脚本'],本科,上海,武汉佰钧成技术有限责任公司,5-10年,25k-40k,"六险一金,弹性工作制,双休无加班,节假日福利"
[],本科,北京,北京世纪好未来教育科技有限公司,5-10年,40k-80k,"上市公司,升职空间大"
['Web测试'],本科,成都,郑州易宝软件科技有限公司,1-3年,8k-16k,"五险一金,周末双休,年底分红,节假日福利"
[],本科,上海,再惠（上海）网络科技有限公司,3-5年,15k-25k,绩效奖金；年终奖金；免费餐饮；硅谷文化
['脚本'],本科,北京,北京夜神数娱科技有限公司,1-3年,10k-20k,"导师跟班,气氛活跃,境外旅游,福利多多"
[],本科,成都,成都宏盛天下科技有限公司,3-5年,7k-14k,"美女如云,周末双休,五险一金,年终奖"
[],本科,厦门,网宿科技股份有限公司北京分公司,应届毕业生,8k-15k,五险一金
[],本科,北京,北京品科技术有限公司,1-3年,9k-18k,五险一金股票期权带薪年假年底双薪领导好
[],大专,北京,瞻世趣科技发展（北京）有限公司,1-3年,8k-15k,"人性化管理,弹性工作制,提供饮品"
['信息安全'],大专,杭州,杭州韦恩网络技术有限公司,1-3年,8k-16k,"成长空间大,团队成员好,五险一金"
"['汽车', '性能测试', '功能测试', 'Android测试']",本科,广州,北京云族佳科技有限公司厦门分公司,3-5年,15k-20k,"福利好,弹性上班"
['电商'],大专,上海,上海哇咕信息科技有限公司,1-3年,10k-15k,老板nice扁平毫无阶级感 项目奖金多多
[],大专,南京,上海捷科智诚科技有限公司,5-10年,20k-30k,"带薪年假,五险一金,周末双休,加班补贴"
['脚本'],本科,北京,北京麒麟合盛科技有限公司,不限,10k-20k,"六险一金,带薪年假,住房补贴,独角兽"
['电商'],本科,北京,北京阳光公采科技有限公司,3-5年,10k-20k,"弹性时间,节假日福利,奖金,各种活动"
工作标签,学历,城市,公司名称,工作年限,薪资,福利
[],本科,南京,武汉佰钧成技术有限责任公司,3-5年,8k-16k,"六险一金,工作平台好,项目前景好,弹性工作制"
"['性能测试', '测试开发']",本科,北京,北京世纪好未来教育科技有限公司,3-5年,15k-30k,"大牛多,平台广,薪酬福利佳"
['产品测试'],大专,深圳,深圳市惠群商业数据技术有限公司,3-5年,10k-20k,"发展空间大,项目前沿,技术提升快"
[],本科,上海,北京艾提科信网络技术有限公司上海分公司,3-5年,8k-15k,"氛围轻松,弹性工作"
[],本科,北京,中云网安科技（北京）有限公司,5-10年,15k-30k,"AI最前线,股票期权,发展空间,全额福利"
"['功能测试', '测试开发']",本科,上海,携程计算机技术（上海）有限公司,3-5年,14k-18k,弹性工时
"['电商', '移动互联网', '测试开发']",本科,北京,北京科码先锋软件技术有限公司,5-10年,20k-30k,"五险一金,周末双休,弹性工作,年底双薪"
[],大专,北京,北京辰森世纪科技股份有限公司,5-10年,15k-30k,"阿里系,晋升空间大,福利待遇好,弹性工作"
"['医疗健康', '软件测试']",本科,上海,爱克发医疗系统设备(上海)有限公司,3-5年,18k-22k,"薪资诱惑,完善福利,弹性工作,市中心办公"
"['大数据', '脚本', '性能测试']",本科,上海,上海估家网络科技有限公司,3-5年,15k-20k,"下午茶点,餐补车补"
[],本科,北京,迪原创新（北京）科技有限公司南京分公司,3-5年,9k-12k,"敏捷项目,技术先进,氛围轻松,扁平管理"
[],大专,上海,唯存（上海）网络科技有限公司,3-5年,9k-15k,"高大上环境,独创项目,年度旅游,美女如云"
['脚本'],本科,杭州,信领达（杭州）软件有限公司,3-5年,9k-18k,"五险一金,下午茶,期权"
[],本科,北京,北京朗镜科技有限责任公司,3-5年,15k-20k,"扁平化管理,六险一金,领导好,定期体检"
['Jmeter'],大专,上海,上海青芽网络科技有限公司,5-10年,15k-25k,"大牛多,扁平管理,待遇高,美女如云"
工作标签,学历,城市,公司名称,工作年限,薪资,福利
"['金融', '脚本', '数据库']",大专,上海,武汉佰钧成技术有限责任公司,3-5年,12k-18k,"平台大,稳定,接口自动化,金融"
['脚本'],本科,北京,北京世纪好未来教育科技有限公司,5-10年,40k-60k,上市公司
"['电商', '功能测试', '性能测试', 'Loadrunner']",本科,上海,上海沃易智电子商务有限公司,应届毕业生,3k-6k,"弹性工作,技术大牛多,团队优秀,成长迅速"
['Android测试'],本科,北京,鼎力联合（北京）科技有限公司,3-5年,15k-30k,"高尖端,业界牛人,专业指导"
['Selenium'],大专,上海,上海瑞阙文化发展有限公司,5-10年,20k-40k,"五险一金,弹性工作,带薪病假,免费晚餐"
[],本科,成都,成都新潮传媒集团股份有限公司,5-10年,10k-20k,"五险一金,带薪休假,项目奖金,节日福利"
['直播'],本科,北京,北京多贝兄弟信息技术有限公司,1-3年,15k-30k,"六险一金,免费午餐,极客氛围,不打卡"
"['互联网金融', '测试开发']",本科,北京,北京捷越联合信息咨询有限公司,5-10年,17k-34k,"弹性工作,发展空间,六险一金"
"['脚本', 'Jmeter']",本科,天津,神州数码通用软件（北京）有限公司,3-5年,10k-18k,"双休,五险一金,加班少"
"['脚本', '性能测试', 'Jmeter']",大专,深圳,深圳恒合互联网络科技有限公司,3-5年,13k-18k,"上市公司,周末双休,带薪年假,年度旅游"
[],大专,广州,上海华钦信息科技股份有限公司,3-5年,15k-30k,"福利待遇好,工作环境好,技术先进,外资银行"
[],本科,北京,北京高思博乐教育科技股份有限公司,3-5年,18k-30k,"六险一金,弹性工时,互联网教育"
"['功能测试', '性能测试']",本科,深圳,北京瑞友科技股份有限公司,3-5年,10k-15k,"周末双休,五险一金,基本不加班,车补饭补"
"['证券/期货', '互联网金融']",大专,上海,上海海万信息科技股份有限公司,3-5年,10k-15k,"旅游,体检,过节费,年终奖"
['Selenium'],本科,上海,上海启日信息技术有限公司,5-10年,12k-20k,扁平管理
工作标签,学历,城市,公司名称,工作年限,薪资,福利
[],大专,上海,武汉佰钧成技术有限责任公司,3-5年,12k-24k,"稳定性好,薪资好,前景好,技术氛围好"
"['游戏', '脚本']",本科,深圳,北京瑞友科技股份有限公司,3-5年,10k-15k,"周末双休,车补饭补,五险一金,员工聚餐"
['证券/期货'],本科,深圳,印孚瑟斯技术（中国）有限公司,3-5年,8k-15k,朝九晚六周末双休nb
"['金融', '脚本']",本科,深圳,卫盈联信息技术（深圳）有限公司,5-10年,15k-30k,"团队牛,培训多,福利好,空间大"
['脚本'],本科,北京,北京翼辉信息技术有限公司,不限,8k-15k,"弹性工作,午餐补贴,交通补贴,团队活动"
[],本科,西安,西安里恩生命科学技术有限公司,1-3年,4k-8k,双休、项目奖金、节日福利
[],本科,北京,东华博雅软件股份有限公司,3-5年,12k-20k,双休
['白盒测试'],本科,南京,南京领添信息技术有限公司,1-3年,8k-16k,"行业巨头,带薪年假,涨薪灵活"
"['移动互联网', 'Web测试', '测试开发']",本科,北京,北京艾瑞思机器人技术有限公司,3-5年,15k-25k,"发展平台,公司行业,竞争力薪酬,福利多多"
"['游戏', '移动端', '功能测试', '游戏测试']",本科,成都,成都止观互娱科技有限公司,3-5年,10k-20k,"多次调薪,七险一金,交通补贴,团体健身卡"
['金融'],本科,上海,广发证券股份有限公司,3-5年,25k-45k,"季度奖,年终奖,环境好,牛人多"
"['移动互联网', '通信/网络设备']",本科,成都,西安麻花网络技术有限公司,不限,8k-15k,周末双休  五险一金  一年两次加薪机会
"['金融', '脚本']",本科,上海,上海鱼耀金融信息服务有限公司,1-3年,12k-22k,"公司福利好,年终奖丰厚,员工氛围好,企业文化好"
"['脚本', '测试开发']",本科,上海,北京喵斯拉网络科技有限公司,1-3年,10k-20k,"宅文化,福利好,交通便利"
['教育'],本科,北京,北京世纪好未来教育科技有限公司,5-10年,25k-40k,平台好
工作标签,学历,城市,公司名称,工作年限,薪资,福利
[],本科,武汉,武汉佰钧成技术有限责任公司,3-5年,8k-16k,"五险一金,带薪年假,弹性工时"
[],本科,北京,北京三快在线科技有限公司,不限,18k-35k,"领导棒,乐于培养,美女如云"
[],本科,北京,蔷薇信息技术有限公司,3-5年,15k-25k,"股东背景强,薪资优渥,技术大牛多,工作环境好"
[],本科,北京,北京搜狗科技发展有限公司,3-5年,20k-30k,业界测试牛人、浓厚技术氛围、部门核心业务
['Selenium'],本科,杭州,深圳市骏诚信息技术有限公司,1-3年,8k-15k,"美女多,待遇好,有加班费,年底双薪"
['脚本'],大专,北京,中建智云网络通信有限公司,1-3年,8k-15k,"弹性办公时,工作氛围好,福利待遇优,晋升空间广"
[],本科,上海,携程计算机技术（上海）有限公司,3-5年,20k-25k,"平台大,技术好,福利好,国际化"
"['互联网金融', '功能测试', '脚本']",本科,上海,上海聚泛信息科技有限公司,3-5年,15k-25k,"地铁近,氛围好,年终多,弹性上班"
"['脚本', '测试开发']",本科,西安,云景智维科技有限公司,3-5年,6k-12k,"待遇好,氛围好,工作灵活,学习新技术"
"['广告营销', '大数据']",本科,深圳,腾讯科技(深圳)有限公司,3-5年,15k-30k,薪资福利
['功能测试'],本科,成都,深圳市金证科技股份有限公司,3-5年,10k-15k,"金融,自动化,数据库,SQL"
[],本科,北京,叮当快药科技集团有限公司,1-3年,15k-30k,"五险一金,绩效奖金,餐补,节日福利"
['软件测试'],大专,武汉,星云海数字科技股份有限公司,1-3年,6k-12k,"自动化,测试,软件测试"
['Selenium'],本科,深圳,星辰天合（北京）数据科技有限公司,3-5年,15k-30k,"广阔空间,扁平创新,完美福利,人性化管理"
"['功能测试', '性能测试']",本科,广州,北京智蓝云信科技有限公司,3-5年,15k-25k,"五险一金,周末双休,不加班,员工福利"
工作标签,学历,城市,公司名称,工作年限,薪资,福利
[],本科,西安,武汉佰钧成技术有限责任公司,1-3年,7k-14k,"六险一金,周末双休,带薪年假,扁平管理"
['脚本'],本科,上海,上海证大喜马拉雅网络科技有限公司,1-3年,10k-15k,音频独角兽，技术大牛，发展平台，年终奖金
['互联网金融'],本科,上海,东方财富信息股份有限公司,3-5年,10k-20k,"年底双薪,节日福利,五险一金,定期体检"
"['Selenium', '脚本测试']",本科,深圳,珠海世平金融科技有限公司,5-10年,14k-22k,"免费班车,五险一金,双休加班少,年假多"
"['软件测试', '黑盒测试', 'Jmeter']",大专,成都,成都恒泰峰科技有限公司,1-3年,4k-8k,"社保公积金,免费员工餐,双休,工作环境好"
"['金融', '性能测试']",本科,杭州,浙江核新同花顺网络信息服务有限公司,应届毕业生,12k-18k,"大型平台,互联网金融,扁平管理,快速上升"
"['功能测试', '性能测试']",本科,北京,信美人寿相互保险社,1-3年,15k-25k,"扁平化管理,技能提升快,团队氛围好,领导好"
['金融'],本科,深圳,深圳市金证科技股份有限公司,3-5年,10k-15k,五险一金
[],本科,北京,首约科技（北京）有限公司,3-5年,20k-35k,"年底双薪,晋升空间大,工作氛围好"
['脚本'],本科,西安,上海中软华腾软件系统有限公司,3-5年,8k-12k,双休 五险一金 加班费 弹性工作制
[],大专,苏州,苏州玩友时代科技股份有限公司,不限,4k-8k,大牛
"['物流', '移动互联网', '测试开发', 'Server端测试', '脚本']",本科,成都,成都我来啦网格信息技术有限公司,3-5年,9k-13k,"五险一金,福利多多,交补餐补,周末双休"
"['新零售', '测试开发', 'Android测试', '移动端']",大专,深圳,深圳邦马特科技有限公司,3-5年,10k-15k,"团队氛围好,项目前景好,领导有意思"
"['移动互联网', 'Android测试', '脚本']",本科,北京,北京安云世纪科技有限公司,3-5年,15k-30k,"发展快,领导好"
['Web测试'],本科,深圳,深圳市骏诚信息技术有限公司,1-3年,8k-15k,"五天七小时,加班不多,有加班费"
工作标签,学历,城市,公司名称,工作年限,薪资,福利
[],不限,深圳,武汉佰钧成技术有限责任公司,5-10年,15k-25k,"待遇薪资好,团队氛围好,6险1金,5天8小时"
['脚本'],本科,广州,上海中软华腾软件系统有限公司,3-5年,12k-24k,"外企氛围,良晋升通道,薪资待遇好"
"['Web测试', '脚本']",本科,上海,上海泛微网络科技股份有限公司,1-3年,8k-15k,"五险一金,免费三餐,员工旅游,生日福利"
['脚本'],本科,北京,百融金融信息服务股份有限公司,3-5年,10k-20k,"五险一金,弹性工作,福利多多"
[],本科,上海,小黑鱼科技有限公司,3-5年,15K-25K,.&nbsp;
['Selenium'],大专,深圳,上海微创软件股份有限公司北京分公司,3-5年,9k-10k,"六险一金,免费班车,免费早餐,双休"
[],大专,深圳,深圳市环球易购电子商务有限公司,3-5年,12k-20k,A股上市
[],本科,北京,北京伟创迪安教育科技有限公司,3-5年,10k-20k,"领导好,年终奖,气氛好,双休"
[],大专,南京,苏州朗拓软件有限公司南京分公司,3-5年,10k-18k,奖金丰厚
[],本科,上海,深圳市金证科技股份有限公司,1-3年,9k-12k,"证券行业,上市公司"
[],本科,北京,用友网络科技股份有限公司,3-5年,16k-30k,上市企业
['脚本'],本科,西安,凯系通讯科技（上海）有限公司西安分公司,不限,8k-12k,"弹性工作,五险一金,十三薪,带薪年假"
['脚本测试'],本科,北京,北京三才科技有限公司,1-3年,9k-14k,弹性打卡
['移动端'],本科,北京,北大医疗信息技术有限公司,3-5年,8k-16k,"五险一金,商业保险,餐补,年终奖"
"['领导力', '测试管理', '创业']",本科,广州,深圳超桌网络科技有限公司,3-5年,12k-24k,股票期权
工作标签,学历,城市,公司名称,工作年限,薪资,福利
['脚本'],本科,深圳,武汉佰钧成技术有限责任公司,3-5年,10k-12k,项目稳定，发展空间大
[],本科,北京,北京高思博乐教育科技股份有限公司,应届毕业生,8k-16k,"五险一金,弹性工作"
[],本科,成都,哈曼智联科技（成都）有限公司,3-5年,5k-10k,"外资,福利好,平台"
['脚本'],本科,深圳,深圳市道通智能航空技术有限公司,3-5年,15k-30k,"平台广阔,年终奖金,技术牛人多,团建"
['Jmeter'],大专,深圳,广州维朗网络科技有限公司,3-5年,10k-20k,"周末双休,节日福利,带薪年假"
[],本科,广州,广州诺特软件开发有限公司,1-3年,6k-8k,"五险一金,餐位补贴,弹性上班,周末双休"
"['大数据', '脚本']",本科,杭州,北京通力互联技术服务有限公司,3-5年,15k-30k,"底薪+奖金,五险一金,带薪年假,生日礼品"
['性能测试'],本科,北京,芝麻开花网络科技(天津)有限公司,3-5年,8k-12k,"财税领域,智能互联,自动化"
['功能测试'],本科,深圳,深圳市博奥特科技有限公司,3-5年,10k-13k,"大型平台,APP测试"
[],本科,深圳,艾锐势科技（深圳）有限公司,1-3年,9k-15k,"自动化测试,团队氛围好,良发展机会"
[],不限,北京,贝壳金科控股有限公司,3-5年,20k-40k,"大平台,扁平化管理,晋升空间大,快速成长"
"['互联网金融', '脚本', '数据库']",本科,上海,上海聚泛信息科技有限公司,1-3年,12k-24k,"弹性上班,靠地铁,年终丰厚,氛围好"
['Selenium'],本科,深圳,深圳市骏诚信息技术有限公司,1-3年,8k-15k,"美女多,待遇好,有加班费,年底双薪"
"['性能测试', '测试开发']",本科,北京,达疆网络科技（上海）有限公司,3-5年,18k-30k,"新零售,五险一金,带薪年假,弹性工时"
['性能测试'],不限,北京,光合新知（北京）科技有限公司,1-3年,10k-20k,"年假15天,免费早午餐,五险一金,技术氛围好"
工作标签,学历,城市,公司名称,工作年限,薪资,福利
['脚本'],本科,深圳,武汉佰钧成技术有限责任公司,3-5年,8k-16k,"六险一金,工作平台好,项目前景好,收入可观"
"['脚本', '功能测试']",本科,杭州,浙江甲骨文超级码科技股份有限公司,3-5年,15k-20k,"晋升空间,五险一金,发挥空间大,调薪机会"
['脚本'],本科,北京,奇虎360科技有限公司,5-10年,30k-60k,"大平台,组团队,发展快"
"['移动端', '性能测试', 'Web测试']",本科,北京,信和惠民投资管理（北京）有限公司,3-5年,15k-30k,"五险一金,餐补,全勤奖,双休"
[],本科,北京,北京智能管家科技有限公司,3-5年,15k-25k,团队nice、产品优秀、弹性工作
['脚本'],本科,上海,郑州信大捷安信息技术股份有限公司,3-5年,10k-20k,"公司平台好,公司领导好"
"['电商', '脚本']",本科,深圳,深圳传音控股股份有限公司,3-5年,10k-15k,"领导大牛,年终奖金,绩效激励,年度旅游"
['脚本'],大专,成都,成都博智维讯信息技术股份有限公司,1-3年,8k-15k,福利多多
"['IOS测试', '测试开发']",大专,北京,北京快如科技有限公司,3-5年,15k-25k,"技术大牛,六险一金,福利超多,氛围好"
[],大专,上海,上海汇银（集团）有限公司,不限,15k-25k,"帅哥,美女,上升空间大"
[],本科,北京,蔷薇信息技术有限公司,5-10年,30k-45k,"股东背景强,薪资优渥,技术大牛多,工作环境好"
['金融'],本科,深圳,卫盈联信息技术（深圳）有限公司,3-5年,15k-25k,"独角兽企业,团队牛,培训多,假期长"
['脚本'],本科,上海,上海昊赏金融信息服务有限公司,1-3年,8k-15k,"领导好,福利多,免费零食,员工活动"
['银行'],本科,广州,广东日月潭电源科技有限公司,5-10年,13k-18k,"自动化测试,周末双休,六险二金"
[],本科,杭州,北京大成元方信息科技有限公司,3-5年,10k-20k,上升空间大，发展平台好
工作标签,学历,城市,公司名称,工作年限,薪资,福利
[],大专,深圳,武汉佰钧成技术有限责任公司,5-10年,10k-18k,"带薪年假,做五休二,六险一金,年度体检"
"['工具软件', '脚本']",本科,广州,深圳前海新心金融管理有限公司,不限,9k-18k,"五险一金,年终奖金,绩效奖金,专业培训"
"['金融', '脚本']",本科,广州,广发证券股份有限公司,3-5年,25k-45k,"季度奖,年终奖,牛人多,环境好"
"['移动互联网', '大数据', 'Web测试', '黑盒测试', '功能测试']",本科,成都,成都任我行软件股份有限公司,1-3年,6k-8k,"发展空间大,工作弹性,团队氛围好,福利好"
"['测试开发', '软件测试']",本科,深圳,深圳华锐金融技术股份有限公司,3-5年,15k-25k,"五险一金,股权激励,员工食堂,加班补贴"
[],本科,成都,上海易宝软件有限公司,应届毕业生,8k-16k,"弹性工作,五险一金,节假日福利,饭补"
['地图'],本科,西安,北京当当网信息技术有限公司,3-5年,10k-20k,"六险一金,年底双薪,绩效奖,氛围好"
"['移动互联网', 'Android测试']",本科,北京,奇虎360科技有限公司,3-5年,15k-25k,"大牛带,领导好,平台大"
['汽车'],本科,北京,拼途（北京）信息技术有限公司,1-3年,8k-15k,福利第一 老板好
[],本科,深圳,顺丰科技有限公司,5-10年,10k-20k,集团互联网企业 高薪
['功能测试'],本科,西安,活跃网络（成都）有限公司,5-10年,10k-13k,"美资,大平台,带薪假15,拒绝打卡"
['音乐'],本科,北京,小叶子（北京）科技有限公司,应届毕业生,3k-6k,"免费午晚餐,弹性工作制,交补"
['脚本'],本科,北京,北京瑞友科技股份有限公司,3-5年,10k-20k,"五险一金,带薪年假"
['脚本'],本科,上海,上海商米科技有限公司,3-5年,15k-25k,"技术大牛,技术氛围浓,扁平化管理,年假病假"
['软件开发'],不限,南京,北京地平线信息技术有限公司,不限,10k-20k,"明星公司,大牛团队,福利多多,弹性工时"
